Original;Traduzida
The code is compiling;O c√≥digo est√° compilando.
Our hardware is too slow to cope with demand;Nossos computadores est√£o mais lentos do que carro√ßa de tartaruga para dar conta da demanda.
It must be because of a leap second;Deve ser por causa de um segundo bissexto
That isn't covered by my job description;Isso n√£o est√° coberto pela minha descri√ß√£o de trabalho. Traduzindo: Eu n√£o fui contratado para lidar com esse pepino.
Maybe somebody forgot to pay our hosting company;Talvez algu√©m tenha esquecido de pagar a nossa empresa de hospedagem. Ser√° que eles desconectaram o servidor por falta de pagamento? Deixe eu me certificar disso... ou ser√° que eu que esqueci de pagar a conta? Ops!
The third party documentation doesn't exist;"A documenta√ß√£o de terceiros simplesmente desapareceu no √©ter cibern√©tico. Eu juro que ela existia, mas agora n√£o consigo encontr√°-la em lugar nenhum. Desculpe a confus√£o!"
I'm surprised it works as well as it does;Estou surpreso que funcione t√£o bem quanto funciona
My time was split in a way that meant I couldn't do either project properly;Meu tempo foi dividido de uma maneira que significava que eu n√£o pude fazer nenhum dos projetos adequadamente.
We didn't have enough time to peer review the final changes;N√£o tivemos tempo suficiente para revisar em conjunto as altera√ß√µes finais.
The request must have dropped some packets;A requisi√ß√£o deve ter deixado cair alguns pacotes.
The user must not know how to use it;O usu√°rio deve ser um pouco inexperiente
It's never done that before;Nunca fez isso antes.
That process requires human oversight that nobody was providing;"Esse processo requer supervis√£o humana, que ningu√©m estava fornecendo. Pedimos desculpas pela falha!"
"Don't worry, that value is only wrong half of the time";"N√£o se preocupe, aquele valor est√° errado apenas metade do tempo."
It's a third party application issue;√â um problema de aplicativo de terceiros. Desculpe a√≠!
Well at least we know not to try that again;Pelo menos agora sabemos que n√£o devemos tentar isso de novo. Ooops!
Where were you when the program blew up?;Onde voc√™ estava quando o programa explodiu?
It probably won't happen again;Provavelmente n√£o vai acontecer de novo.
The program has never collected that information;O programa nunca coletou essa informa√ß√£o. Desculpe pela neglig√™ncia da nossa parte!
I can have a look but there's a lot of if statements in that code!;"Posso dar uma olhada, mas tem muitos if's perdidos nesse c√≥digo!"
The problem seems to be with our legacy software;O problema parece ser com nosso software legado
It must be a firewall issue;Deve ser um problema de firewall
That worked perfectly when I developed it;Isso funcionou perfeitamente quando eu desenvolvi. O problema deve ter sido causado por alguma interfer√™ncia alien√≠gena.
I had to do the project backwards as people demanded results out of order;Tive que fazer o projeto ao contr√°rio porque as pessoas exigiam resultados fora de ordem.
The third party documentation is wrong;A documenta√ß√£o de terceiros est√° errada
You must be missing some of the dependencies;Voc√™ deve estar perdendo algumas depend√™ncias. Ser√° que algu√©m mexeu no Gemfile? ü§î
The existing design makes it difficult to do the right thing;O design atual torna dif√≠cil fazer a coisa certa. Pe√ßo desculpas pela confus√£o que isso pode ter causado.
I forgot to commit the code that fixes that;Eu esqueci de fazer o commit do c√≥digo que corrige aquele bug.
There was too little data to bother with the extra functionality at the time;Havia poucos dados para se dar ao trabalho de implementar a funcionalidade extra naquela √©poca.
"That's interesting, how did you manage to make it do that?";"Isso √© interessante, como voc√™ conseguiu fazer isso funcionar desse jeito?"
I can't make that a priority right now;N√£o consigo priorizar isso no momento
That's the fault of the graphic designer;Essa √© culpa do designer gr√°fico.
I told you yesterday it would be done by the end of today;Eu te disse ontem que seria conclu√≠do at√© o final do dia hoje
You're doing it wrong;Voc√™ est√° fazendo isso errado. Desculpe!
It's not a code problem - our users need more training;N√£o √© um problema de c√≥digo - nossos usu√°rios precisam de mais treinamento.
I was told to stop working on that when something important came up;Fui mandado parar de trabalhar nisso quando algo importante surgiu. Pe√ßo desculpas pela interrup√ß√£o!
"It works, but it's not been tested";"Funciona, mas n√£o foi testado. Desculpe, sou do tipo ""live on the edge""."
It's a known bug with the programming language;√â um bug conhecido da linguagem de programa√ß√£o. √â como se ela tivesse vontade pr√≥pria!
I couldn't find any library that can even do that;Eu n√£o consegui encontrar nenhuma biblioteca que consiga fazer isso. Desculpe-me por n√£o conseguir entregar como prometido. Vou continuar procurando por solu√ß√µes alternativas!
It's a browser compatibility issue;"√â um problema de compatibilidade com o navegador. Na verdade, o c√≥digo ficou t√£o confuso que at√© o pr√≥prio navegador n√£o sabe o que fazer com ele. Desculpe pela bagun√ßa!"
"It can't be broken, it passes all unit tests";"N√£o pode estar quebrado, ele passa em todos os testes unit√°rios."
It's a remote vendor issue;√â um problema de fornecedor remoto. Parece que o fornecedor decidiu se aventurar em lugares desconhecidos e deixou tudo de cabe√ßa para baixo.
It would take too long to rewrite the code from scratch;Seria muito demorado reescrever o c√≥digo do zero
"Oh, you said you DIDN'T want that to happen?";"Ah, voc√™ disse que N√ÉO queria que isso acontecesse? Desculpe, parece que interpretei ao contr√°rio. Meu erro!"
It's always been like that;Sempre foi assim.
"Oh, that was just a temporary fix";"Ah, aquilo foi apenas uma solu√ß√£o provis√≥ria."
"Well, that's a first";"Bom, isso √© novidade. Ser√° que isso quebrei tudo de novo?"
It's never shown unexpected behaviour like this before;Nunca tinha exibido um comportamento inesperado assim antes.
That code was written by the last guy;Esse c√≥digo foi escrito pelo √∫ltimo cara.
This is a previously known bug you told me not to work on yet;Essa √© uma falha previamente conhecida na qual voc√™ me disse para n√£o mexer ainda.
I didn't create that part of the program;Eu n√£o criei aquela parte do programa. A culpa n√£o √© minha!
I didn't receive a ticket for it;Eu n√£o recebi um ticket para isso.
It would have taken twice as long to build it properly;Levaria o dobro do tempo para construir corretamente.
"Even though it doesn't work, how does it feel?";"Mesmo que n√£o funcione, como que isso faz voc√™ se sentir?"
I have too many other high priority things to do right now;Estou com v√°rias outras tarefas super importantes para fazer no momento.
It must be because of a leap year;Deve ser por causa de um ano bissexto.
That's already fixed it just hasn't taken effect yet;"Isso j√° foi corrigido, s√≥ ainda n√£o surtiu efeito."
No one told me so I was forced to assume which way to do that;"Ningu√©m me disse, ent√£o fui obrigado a assumir qual era o caminho certo para fazer isso."
"Oh, that was only supposed to be a placeholder";"Ah, aquilo era s√≥ para ser um espa√ßo reservado. Desculpa a confus√£o!"
I thought you signed off on that?;Pensei que voc√™ tinha aprovado aquilo?
There's currently a problem with our hosting company;Houve um probleminha moment√¢neo com a nossa empresa de hospedagem. Nosso site decidiu tirar umas mini f√©rias sem aviso pr√©vio. Pedimos desculpas pelo inconveniente e estamos trabalhando para resolver isso o mais r√°pido poss√≠vel. Obrigado pela paci√™ncia!
In the interest of efficiency I only check my email for that on a Friday;"No interesse da efici√™ncia, s√≥ verifico meu e-mail para isso em uma sexta-feira."
The third party API is not responding;A API de terceiros n√£o est√° respondendo. Pe√ßo desculpas pela inconveni√™ncia. Parece que ela decidiu tirar um dia de folga sem aviso pr√©vio. Vamos ver se conseguimos convenc√™-la a voltar ao trabalho o mais r√°pido poss√≠vel!
The person responsible doesn't work here anymore;"A pessoa respons√°vel n√£o trabalha mais aqui. Mas a culpa √© dela, n√£o minha!"
The marketing department made us put that there;O departamento de marketing fez a gente colocar isso a√≠
It works for me;Funciona na minha m√°quina
Everything looks fine my end;Tudo parece bem do meu lado
There were too many developers working on that same thing;Havia simplesmente muitos desenvolvedores trabalhando na mesma coisa. A concorr√™ncia estava acirrada!
It was working in my head;Estava funcionando na minha cabe√ßa.
I haven't had the chance to run that code yet;Eu n√£o tive a oportunidade de rodar esse c√≥digo ainda
Your browser must be caching the old content;Seu navegador deve estar guardando em cache o conte√∫do antigo
The download must have been corrupted;O download deve ter sido corrompido.
I'm surprised that was working at all;Estou surpreso que isso estava funcionando de alguma forma
You must have done something wrong;Voc√™ deve ter feito algo errado.
How is that possible?;"Como isso foi poss√≠vel? Ah, bem... Deixe-me tentar explicar de uma forma n√£o t√©cnica: Foi como tentar equilibrar um cachorro em cima de um gato enquanto o gato tenta trapacear no jogo da velha. Voc√™ entendeu, n√©? Desculpe pela confus√£o!"
The client must have been hacked;O cliente deve ter sido hackeado
What did I tell you about using parts of the system you don't understand?;"O que eu te disse sobre mexer em partes do sistema que voc√™ n√£o entende? Ser√° que foi algo do tipo ""melhor voc√™ rezar para que tudo d√™ certo"" ou ""prepare-se para o caos""?"
I couldn't find any examples of how that can be done anywhere else in the project;Eu n√£o consegui encontrar nenhum exemplo de como fazer isso em qualquer outro lugar do projeto. Ser√° que podemos tentar de outra forma?
That important email must have been marked as spam;Aquele e-mail importante deve ter sido marcado como spam.
"Well, at least it displays a very pretty error";"Bem, pelo menos exibe um erro bastante bonito."
I must have been stress testing our production server;Devo ter feito um teste de estresse no nosso servidor de produ√ß√£o
The project manager said no one would want that feature;"O gerente de projeto disse que ningu√©m ia querer aquela funcionalidade.

Ah, os famosos ""gargalos criativos"" da lideran√ßa! Mas n√£o se preocupe, vamos encontrar uma maneira de contornar essa opini√£o duvidosa."
It's a character encoding issue;√â um problema de codifica√ß√£o de caracteres
You can't use that version on your system;Voc√™ n√£o pode usar aquela vers√£o no seu sistema. Oops!
Our code quality is no worse than anyone else in the industry;Nossa qualidade de c√≥digo n√£o √© pior do que a de ningu√©m nesta ind√∫stria
I can't test everything;N√£o consigo testar tudo
That feature would be outside of the scope;"Essa funcionalidade est√° fora do escopo. Ou seja, n√£o vai rolar mesmo, desculpa!"
That feature was slated for phase two;Aquela funcionalidade estava marcada para a fase dois.
I couldn't find any examples of how that can be done anywhere online;Eu n√£o consegui encontrar nenhum exemplo de como isso pode ser feito em nenhum lugar online
There must be something strange in your data;Deve ter alguma coisa estranha nos seus dados
That wasn't in the original specification;Isso n√£o estava na especifica√ß√£o original. Desculpe!
I'm not familiar with it so I didn't fix it in case I made it worse;"N√£o estou familiarizado com isso, ent√£o n√£o consertei com medo de piorar ainda mais."
You must have the wrong version;Voc√™ deve estar usando a vers√£o errada. Ser√° que a vers√£o mais recente est√° em outra pasta? Deixe-me verificar...
I'm still working on that as we speak;Estou trabalhando nisso neste exato momento.
I haven't had any experience with that before;"Eu nunca tive experi√™ncia com isso antes. Desculpe, estou aprendendo ainda!"
I must not have understood what you were asking for;Eu devo ter entendido errado o que voc√™ estava pedindo.
Nobody asked me how long it would actually take;Ningu√©m me perguntou quanto tempo realmente levaria
I thought I finished that;Eu pensei que tinha terminado aquilo.
I'll have to fix that at a later date;Vou ter que corrigir isso em uma data posterior
I usually get a notification when that happens;Normalmente recebo uma notifica√ß√£o quando isso acontece
The client wanted it changed at the last minute;O cliente quis mudar de √∫ltima hora
I didn't anticipate that I would make any errors;Eu n√£o estava esperando cometer nenhum erro.
I broke that deliberately to do some testing;Eu quebrei de prop√≥sito para fazer alguns testes.
I did a quick fix last time but it broke when we rebooted;"Da √∫ltima vez eu fiz um remendo r√°pido, mas quebrou quando reiniciamos. Desculpe a bagun√ßa!"
The WYSIWYG must have produced an invalid output;"O ""O que voc√™ v√™ √© o que voc√™ tem"" deve ter gerado uma sa√≠da inv√°lida."
I thought I fixed that;Pensei que tinha consertado isso.
I'm not sure as I've never had a look at how that works before;"N√£o tenho certeza, pois nunca dei uma olhada em como isso funciona antes."
We spent three months debugging it because we only had one month to build it;Passamos tr√™s meses debugando isso porque t√≠nhamos apenas um m√™s para construir.
That was literally a one in a million error;Isso foi literalmente um erro de um em um milh√£o.
The specifications were ambiguous;"As especifica√ß√µes estavam amb√≠guas. Pe√ßo desculpas pelo transtorno, n√£o foi minha inten√ß√£o causar confus√£o. Prometo esclarecer todos os detalhes antes da pr√≥xima vez!"
That wouldn't be economically feasible;Isso n√£o seria economicamente vi√°vel.
The unit test doesn't cover that eventuality;O teste unit√°rio n√£o cobre essa eventualidade. Pe√ßo desculpas por essa falha inesperada!
We outsourced that months ago;N√≥s terceirizamos isso meses atr√°s.
This code was not supposed to go in to production yet;Esse c√≥digo n√£o deveria ter ido para produ√ß√£o ainda
I heard there was a solar flare today;"Oi, eu ouvi dizer que houve uma erup√ß√£o solar hoje. Aparentemente, meu c√≥digo decidiu ficar um pouco mais quente tamb√©m. Pe√ßo desculpas pelos bugs inesperados que surgiram de repente. Vou corrigi-los rapidinho!"
What did you type in wrong to get it to crash?;No que voc√™ digitou errado para fazer o programa travar?
I haven't been able to reproduce that;Eu n√£o consegui reproduzir isso.
THIS can't be the source of THAT;Isso n√£o pode ser a origem daquilo.
Nobody has ever complained about it;Ningu√©m nunca reclamou sobre isso
Our internet connection must not be working;Nossa conex√£o com a internet deve estar com algum problema
It's a known bug with the server software;"√â um bug conhecido no software do servidor. Aquele que a gente finge que vai arrumar, mas est√° l√° h√° tanto tempo que j√° faz parte da fam√≠lia, sabe?"
Management insisted we wouldn't need to waste our time writing unit tests;A ger√™ncia insistiu que n√£o precisar√≠amos perder tempo escrevendo testes unit√°rios.
That code seemed so simple I didn't think it needed testing;"Aquele c√≥digo parecia t√£o simples que eu n√£o achei que precisasse de testes. D√° pr√≥xima vez vou lembrar de testar at√© o ""Hello World""!"
That behaviour is in the original specification;Esse comportamento est√° na especifica√ß√£o original.
Did you check for a virus on your system?;"Voc√™ verificou se tem algum v√≠rus em seu sistema?

Ops, acho que eu quebrei seu sistema, desculpa!"
Why do you want to do it that way?;"Por que voc√™ quer fazer dessa maneira?

Desculpa, mas seria muito mais divertido (e eficiente) se a gente fizesse de outro jeito! üòâ"
It's just some unlucky coincidence;Foi s√≥ uma infeliz coincid√™ncia.
I was just fixing that;Eu s√≥ estava arrumando isso
Our redundant systems must have failed as well;"Nossos sistemas redundantes devem ter falhado tamb√©m. A culpa √© sempre dos sistemas, nunca dos programadores, n√£o √© mesmo?"
"Actually, that's a feature";"Na verdade, isso √© uma funcionalidade"
It must be a hardware problem;Deve ser um problema de hardware
The project manager told me to do it that way;O gerente do projeto me mandou fazer desse jeito
I thought he knew the context of what I was talking about;Pensei que ele entendia o contexto do que eu estava falando. Pe√ßo desculpas por qualquer confus√£o causada pela falta de clareza da minha comunica√ß√£o. Prometo ser mais expl√≠cito da pr√≥xima vez.
I haven't touched that code in weeks;N√£o mexo nesse c√≥digo h√° semanas.
I have never seen that before in my life;Eu nunca vi isso antes na minha vida.
I'm not getting any error codes;Eu n√£o estou recebendo nenhum c√≥digo de erro
We should have updated our software years ago;Dev√≠amos ter atualizado nosso software anos atr√°s. Pelo menos agora j√° sabemos que era urgente!
Somebody must have changed my code;Algu√©m deve ter mexido no meu c√≥digo
The original specification contained conflicting requirements;A especifica√ß√£o original continha requisitos conflitantes.
That's not a bug it's a configuration issue;"Isso n√£o √© um bug, √© uma quest√£o de configura√ß√£o."
"Well done, you found my easter egg!";"Parab√©ns, voc√™ encontrou meu easter egg!"
That error means it was successful;Essa mensagem de erro significa que foi um grande sucesso!
It's an unexpected emergent behaviour of several last minute abstractions;√â um comportamento emergente inesperado de diversas abstra√ß√µes de √∫ltima hora.
The accounting department must have cancelled that subscription;O departamento de contabilidade deve ter cancelado aquela assinatura.
It worked yesterday;Funcionava ontem
